,adsh,Counterparty_Name,sic,Assets,AssetsCurrent,DebtLongtermAndShorttermCombinedAmount,InterestAndDebtExpense,InterestExpense,InterestExpenseOperating,Liabilities,LiabilitiesCurrent,LongTermDebt,OperatingIncomeLoss,RetainedEarningsAccumulatedDeficit,RevenueFromContractWithCustomerExcludingAssessedTax,Revenues,StockholdersEquity,StockholdersEquityIncludingPortionAttributableToNoncontrollingInterest,Revenue,Debt,Equity,Interest_Expense,Current_Assets,Current_Liabilities,Total_Assets,Total_Liabilities,Retained_Earnings,Operating_Income,Counterparty_ID,Sector,Z1,Z2,Z3,Z4,Z5,Debt_to_Equity,Interest_Coverage,Current_Ratio,Internal_Rating,Exposure_Amount,Product_Type,Collateral_Type,Collateral_Value,Haircut_%,Seniority,Recovery_Lag_Months,Net_Collateral,CCR,LGD_Institutional_Enhanced,Mapped_PD,PD_Logistic,Altman_Z,Z_Zone,Final_PD,Exposure_Category,CCF,Undrawn_Limit,Monthly_Installment,Time_to_Default,EAD_Term_Amortized,EAD_SACCR,EAD,Expected_Loss,Final_PD_Floored,LGD_Enhanced_Floored,Expected_Loss_Floored
0,0000038777-25-000017,FRANKLIN RESOURCES INC,6282.0,32464500000.0,,,,23100000.0,,10242700000.0,,9167300000.0,206500000.0,11919100000.0,73900000.0,,-450300000.0,12637600000.0,73900000.0,9167300000.0,-450300000.0,23100000.0,32464500000.0,10242700000.0,32464500000.0,10242700000.0,11919100000.0,206500000.0,C001,Asset Manager,0.6844953718677325,0.36714257111614224,0.006360794098168769,2.169525613363664,0.0022763326094657243,-20.358205640683988,3.1991341991341993,3.169525613363664,CCC,8116262.26,Line of Credit,Gov Bonds,361507.27,0.19,Subordinated,12,292820.8887,0.036078293100893465,1.0,0.2,0.4997791467121616,2.660376366955499,grey,0.34988957335608084,Revolving,0.75,8116125000.0,156910.08743336896,39,0.0,0.0,6089122815.565001,2130520584.05,0.34988957335608084,1.0,2130520584.05
1,0000310522-25-000199,FEDERAL NATIONAL MORTGAGE ASSOCIATION FANNIE MAE,6111.0,204000000000.0,,,,,90874000000.0,4255074000000.0,,,,-38625000000.0,,,77682000000.0,-7400000000.0,243159000.0,68785000000.0,77682000000.0,90874000000.0,204000000000.0,4255074000000.0,204000000000.0,4255074000000.0,-38625000000.0,43423000.0,C002,Credit Agency / Investment Bank,-19.85820588235294,-0.18933823529411764,0.0002128578431372549,-0.9520572380174822,0.0011919558823529411,0.8854689632089802,0.0026757818517947926,0.04794276198251781,BB,19063571.82,Repo,Gov Bonds,9877874.3,0.29,Senior Secured,3,7013290.7530000005,0.36788964939100277,0.0,0.01,0.5382381871342918,-24.664260544281078,distress,0.37976673099400426,Other,1.0,0.0,368552.25043806166,29,0.0,24610203.65,24610203.65,0.0,0.37976673099400426,0.1,934613.66
2,0000350894-25-000028,SEI INVESTMENTS CO,6211.0,2520003000.0,169867000.0,,,,,432494000.0,74853000.0,,551741000.0,762586000.0,,0.0,2131828000.0,,0.0,997000000.0,2131828000.0,446000000.0,169867000.0,74853000.0,2520003000.0,432494000.0,762586000.0,551741000.0,C003,Broker,0.037703923368345195,0.30261313180976374,0.218944580621531,4.826677364310257,0.0,0.4676737522914607,0.0,2.2693412421679824,A,14907884.89,Repo,Cash,3576454.18,0.1,Subordinated,3,3218808.762,0.2159131751922187,0.23,0.0005,0.46763082209887025,4.08742662721289,safe,0.09392616441977406,Other,1.0,0.0,288211.17980193265,15,0.0,18451810.46,18451810.46,398614.79,0.09392616441977406,0.23,398614.79
3,0000316709-25-000010,SCHWAB CHARLES CORP,6211.0,1586000000.0,,,,,717000000.0,23041000000.0,,,,33901000000.0,1075000000.0,4187000000.0,20000000.0,,4187000000.0,997000000.0,20000000.0,717000000.0,1586000000.0,23041000000.0,1586000000.0,23041000000.0,33901000000.0,45554000.0,C004,Broker,-13.527742749054225,21.37515762925599,0.028722572509457756,-0.9311661820233497,2.639974779319042,49.85,5.839609483960948,0.06883381797665032,BB,12374511.2,Loan,Gov Bonds,7329375.69,0.1,Senior Unsecured,18,6596438.121,0.5330665603179543,0.36,0.01,0.5350097891763783,15.86798894147956,safe,0.11500195783527567,Term,1.0,0.0,239233.96905328723,43,3889617.032137083,0.0,3889617.032137083,161032.89,0.11500195783527567,0.36,161032.89
4,0000720005-25-000025,RAYMOND JAMES FINANCIAL INC,6211.0,27000000.0,,,,,446000000.0,71325000000.0,,,,11894000000.0,,887000000.0,11673000000.0,-169000000.0,887000000.0,997000000.0,11673000000.0,446000000.0,27000000.0,71325000000.0,27000000.0,71325000000.0,11894000000.0,45554000.0,C005,Broker,-2640.6666666666665,440.51851851851853,1.6871851851851851,-0.9996214511041009,32.851851851851855,0.08541077700676776,1.9887892376681615,0.0003785488958990536,BB,3964354.17,Repo,Corporate Bonds,14883410.46,0.39,Senior Secured,18,9078880.3806,2.290128477749,0.0,0.01,0.5486577232057502,-2514.2542839817734,distress,0.38706040624402516,Other,1.0,0.0,76642.07236097135,8,0.0,2164537.38,2164537.38,0.0,0.38706040624402516,0.1,83780.67
5,0000825313-25-000014,ALLIANCEBERNSTEIN HOLDING L.P.,6282.0,2077540000.0,,,,,,1295000.0,,,,,,,,,293221000.0,348106000.0,352141000.0,21612000.0,2077540000.0,1295000.0,2077540000.0,1295000.0,70483000.0,43423000.0,C006,Asset Manager,0.9993766666345775,0.03392618192670177,0.02090116195115377,1603.2779922779923,0.14113855810237108,0.9885415217199929,13.567508791412179,1604.2779922779923,AAA,3963895.89,Credit Card,Corporate Bonds,14418798.49,0.3,Subordinated,6,10093158.943,2.5462724610055285,0.88,0.0001,8.757777845670885e-35,963.4236564139954,safe,8e-05,Revolving,0.75,519385000.0,76633.21252468645,21,0.0,0.0,390529723.97249997,27493.29,0.0005,0.88,171833.08
6,0000820027-25-000013,AMERIPRISE FINANCIAL INC,6282.0,116609000000.0,,,,,,176175000000.0,,2842000000.0,,21905000000.0,0.0,553000000.0,9220000000.0,,553000000.0,2842000000.0,9220000000.0,21612000.0,116609000000.0,176175000000.0,116609000000.0,176175000000.0,21905000000.0,43423000.0,C007,Asset Manager,-0.5108182044267595,0.18784999442581618,0.0003723812055673233,-0.33810699588477366,0.004742344072927476,0.30824295010845987,25.587636498241718,0.6618930041152263,A,2103588.63,Line of Credit,Real Estate,6161215.84,0.06,Subordinated,18,5791542.889599999,2.753172748228821,0.85,0.0005,0.5304506189479208,-0.5468848485955333,distress,0.37146543326354453,Revolving,0.75,29152250000.0,40668.26148335191,19,0.0,0.0,21864713397.1575,6903687449.97,0.37146543326354453,0.85,6903687449.97
7,0000883237-25-000010,"VIRTUS INVESTMENT PARTNERS, INC.",6282.0,3994494000.0,,,,,,2985576000.0,,253412000.0,151484000.0,268221000.0,317990000.0,,863926000.0,4363000.0,317990000.0,253412000.0,863926000.0,21612000.0,3994494000.0,2985576000.0,3994494000.0,2985576000.0,268221000.0,151484000.0,C008,Asset Manager,0.25257717247791583,0.06714767877984044,0.037923201286570965,0.33793077114767806,0.07960707914444233,0.29332604875880575,14.713585045345178,1.337930771147678,AA,17457346.77,Repo,None,10850804.61,1.0,Senior Unsecured,12,0.0,0.0,0.43,0.0002,0.5221498765156848,0.804611463344009,distress,0.3655649135609793,Other,1.0,0.0,337499.4203348157,23,0.0,48880570.96,48880570.96,7683679.33,0.3655649135609793,0.43,7683679.33
8,0000845877-25-000033,FEDERAL AGRICULTURAL MORTGAGE CORP,6111.0,31324742000.0,,,,,141176000.0,28112519000.0,,,,943239000.0,,,-12147000.0,,243159000.0,68785000000.0,-12147000.0,141176000.0,31324742000.0,28112519000.0,31324742000.0,28112519000.0,943239000.0,43423000.0,C009,Credit Agency / Investment Bank,0.10254587252466436,0.030111628692743902,0.001386220515399616,0.11426307973326759,0.007762522034499119,-5662.715073680744,1.7223819912733043,1.1142630797332675,CCC,12421185.22,Loan,Gov Bonds,10176281.54,0.2,Senior Secured,12,8141025.232,0.6554145266984434,0.21,0.2,0.5249148547654869,0.24610622477471708,distress,0.42744039833584085,Term,1.0,0.0,240136.30861852787,11,10413150.886358246,0.0,10413150.886358246,934710.29,0.42744039833584085,0.21,934710.29
9,0000791963-25-000010,OPPENHEIMER HOLDINGS INC,6211.0,481000.0,,,,,87991000.0,2085577000.0,,,45554000.0,756468000.0,,52513000.0,789166000.0,691000.0,52513000.0,997000000.0,789166000.0,87991000.0,481000.0,2085577000.0,481000.0,2085577000.0,756468000.0,45554000.0,C010,Broker,-4334.918918918919,1572.6985446985448,94.70686070686071,-0.9997693683810284,109.17463617463618,1.2633590397964434,0.5967996726937982,0.0002306316189716323,BB,14453378.98,Credit Card,Gov Bonds,12726652.36,0.31,Senior Secured,3,8781390.1284,0.6075665863706564,0.71,0.01,0.6377645516605999,-2579.0173252384925,distress,0.4494351861624199,Revolving,0.75,120250.0,279424.3072499504,11,0.0,0.0,3703532.245000001,1181793.37,0.4494351861624199,0.71,1181793.37
10,0000886982-25-000005,GOLDMAN SACHS GROUP INC,6211.0,402000000.0,,,,,73341000000.0,395318000000.0,,,,143688000000.0,,,-575000000.0,,243159000.0,997000000.0,-575000000.0,73341000000.0,402000000.0,395318000000.0,402000000.0,395318000000.0,143688000000.0,45554000.0,C011,Broker,-982.3781094527363,357.43283582089555,0.113318407960199,-0.9989830971521662,0.6048731343283582,-1.7339130434782608,0.00331545792939829,0.0010169028478338958,CCC,1391105.39,Bond,Cash,5009236.37,0.14,Subordinated,18,4307943.2782,3.0967770732309505,0.5,0.2,0.5578106339486572,-678.0683271717239,distress,0.45046744376406,Term,1.0,0.0,26893.96441138791,24,884031.9409049542,0.0,884031.9409049542,199113.8,0.45046744376406,0.5,199113.8
11,0000909108-25-000010,DIAMOND HILL INVESTMENT GROUP INC,6282.0,245126650.0,,,,,,71777540.0,,,35503987.0,153544816.0,100284898.0,,-15392418.0,,100284898.0,348106000.0,-15392418.0,21612000.0,245126650.0,71777540.0,245126650.0,71777540.0,153544816.0,35503987.0,C012,Asset Manager,0.7071818180520152,0.6263897295540897,0.14483935957187846,2.415088480324068,0.4091146270713527,-22.61542013736893,4.640241439940773,3.415088480324068,CCC,19428287.19,Line of Credit,Corporate Bonds,11797416.95,0.11,Senior Secured,6,10499701.0855,0.5404336976707003,0.73,0.2,0.4964964825904303,4.061701404891136,safe,0.2592992965180861,Revolving,0.75,61281662.5,375603.2203010037,36,0.0,0.0,50818318.6725,9619322.63,0.2592992965180861,0.73,9619322.63
12,0000914208-25-000114,INVESCO LTD.,6282.0,8374500000.0,,,,,,13017800000.0,,409600000.0,-60200000.0,0.0,198600000.0,,14597600000.0,7518300000.0,198600000.0,409600000.0,14597600000.0,21612000.0,8374500000.0,13017800000.0,8374500000.0,13017800000.0,0.0,-60200000.0,C013,Asset Manager,-0.5544569825064183,0.0,-0.007188488865006866,-0.3566885341609181,0.023714848647680458,0.02805940702581246,9.189339255968907,0.6433114658390818,A,16816410.18,Repo,None,19577857.17,1.0,Subordinated,12,0.0,0.0,0.53,0.0005,0.5306410613188239,-0.8793686641110949,distress,0.37159874292317674,Other,1.0,0.0,325108.3204473971,24,0.0,47085948.5,47085948.5,9273452.01,0.37159874292317674,0.53,9273452.01
13,0000924805-25-000002,FREEDOM HOLDING CORP.,6211.0,374576000.0,,,,265163000.0,,402865000.0,,,,998740000.0,,243159000.0,1259892000.0,647064000.0,243159000.0,997000000.0,1259892000.0,265163000.0,374576000.0,402865000.0,374576000.0,402865000.0,998740000.0,45554000.0,C014,Broker,-0.07552272436034344,2.6663213873819998,0.12161483917816411,-0.07021955245553721,0.6491579812908462,0.7913376702130024,0.9170170800601893,0.9297804475444628,BB,5034443.1,Loan,Real Estate,9734843.06,0.2,Senior Secured,12,7787874.448000001,1.546918754131912,0.2,0.01,0.5266131421391634,4.650577892207854,safe,0.1133226284278327,Term,1.0,0.0,97329.8892634996,3,4816885.909661209,0.0,4816885.909661209,109172.43,0.1133226284278327,0.2,109172.43
14,0000895421-25-000304,MORGAN STANLEY,6211.0,9772000000.0,,176884000000.0,,,37619000000.0,286126000000.0,,,,97996000000.0,,,99038000000.0,30179000000.0,243159000.0,176884000000.0,99038000000.0,37619000000.0,9772000000.0,286126000000.0,9772000000.0,286126000000.0,97996000000.0,45554000.0,C015,Broker,-28.280188293082276,10.028243962341383,0.004661686451084732,-0.9658472141643891,0.02488323782234957,1.7860215270906117,0.006463728435099285,0.034152785835610884,B,4454674.38,Bond,Corporate Bonds,18121975.75,0.29,Subordinated,6,12866602.782499999,2.888337437247209,0.53,0.05,0.5386433018596489,-20.435925929808498,distress,0.3920503113017542,Term,1.0,0.0,86121.33566676892,22,2973757.1854770393,0.0,2973757.1854770393,617907.09,0.3920503113017542,0.53,617907.09
15,0001004434-25-000010,"AFFILIATED MANAGERS GROUP, INC.",6282.0,3348200000.0,,,,,133300000.0,4096100000.0,,349900000.0,,6899800000.0,42200000.0,,3345300000.0,6389600000.0,42200000.0,349900000.0,3345300000.0,133300000.0,3348200000.0,4096100000.0,3348200000.0,4096100000.0,6899800000.0,43423000.0,C016,Asset Manager,-0.2233737530613464,2.060749059195986,0.012969058001314138,-0.18258831571494838,0.012603787109491667,0.10459450572444923,0.31657914478619653,0.8174116842850516,BB,4484685.69,Bond,Real Estate,8687887.31,0.07,Senior Secured,6,8079735.1983,1.80162797502538,0.4,0.01,0.528581526990269,2.562848868285624,grey,0.2692907634951345,Term,1.0,0.0,86701.53836663709,2,4355808.079617146,0.0,4355808.079617146,469191.55,0.2692907634951345,0.4,469191.55
16,0001013762-25-004385,SIEBERT FINANCIAL CORP,6211.0,801800000.0,773850000.0,,,,263000.0,434576000.0,427830000.0,,17468000.0,40094000.0,,71514000.0,84086000.0,46090000.0,71514000.0,997000000.0,84086000.0,263000.0,773850000.0,427830000.0,801800000.0,434576000.0,40094000.0,17468000.0,C017,Broker,0.4315540034921427,0.05000498877525567,0.021785981541531555,0.8450167519605316,0.08919181840858069,11.856908403301382,271.91634980988596,1.8087791879952317,A,6780602.62,Derivative,Cash,7001568.15,0.37,Senior Unsecured,12,4410987.9345,0.6505303704849762,0.05,0.0005,0.515910298474488,1.2559673971478829,distress,0.36128720893214156,Other,1.0,0.0,131088.04470238136,24,0.0,6829812.72,6829812.72,123376.2,0.36128720893214156,0.1,246752.4
17,0000950170-25-047559,HORIZON KINETICS HOLDING CORP,6282.0,365116000.0,,,,,,10528000.0,,,-1144000.0,207290000.0,12709000.0,,221402000.0,,12709000.0,348106000.0,221402000.0,21612000.0,365116000.0,10528000.0,365116000.0,10528000.0,207290000.0,-1144000.0,C018,Asset Manager,0.9711653282792319,0.5677373766145554,-0.00313325080248469,33.68047112462006,0.03480811577690378,1.5722802865376104,0.5880529335554322,34.68047112462006,BBB,10970372.2,Credit Card,Cash,12902067.24,0.2,Senior Secured,12,10321653.792000001,0.9408663264861699,0.7,0.002,0.17588925295018507,22.192981784096197,safe,0.03677785059003701,Revolving,0.75,91279000.0,212088.02844655735,44,0.0,0.0,71201843.05,1833055.52,0.03677785059003701,0.7,1833055.52
18,0000950170-25-047560,HORIZON KINETICS HOLDING CORP,6282.0,982455000.0,,,,,,7149000.0,,,-15529000.0,299064000.0,8000.0,,209088000.0,,8000.0,348106000.0,209088000.0,21612000.0,982455000.0,7149000.0,982455000.0,7149000.0,299064000.0,-15529000.0,C019,Asset Manager,0.9927233308395804,0.3044047818984076,-0.015806321918052226,136.4255140579102,8.142866594398725e-06,1.6648779461279462,0.00037016472330186933,137.4255140579102,BBB,9206955.35,Repo,Gov Bonds,13378481.19,0.13,Senior Secured,6,11639278.6353,1.264183238957491,0.0,0.002,0.0013906150944307826,83.42059040694839,safe,0.0018781230188861567,Other,1.0,0.0,177996.24047185777,30,0.0,1675665.87,1675665.87,0.0,0.0018781230188861567,0.1,314.71
19,0000950170-25-029070,MOELIS & CO,6282.0,144320000.0,,,,,,817297000.0,,,216100000.0,-821650000.0,,,352141000.0,478299000.0,293221000.0,348106000.0,352141000.0,21612000.0,144320000.0,817297000.0,144320000.0,817297000.0,-821650000.0,216100000.0,C020,Asset Manager,-4.663088968957871,-5.69325110864745,1.4973669623059866,-0.8234179251850918,2.0317419623059867,0.9885415217199929,13.567508791412179,0.17658207481490817,A,6533353.66,Loan,None,17283351.3,1.0,Senior Unsecured,12,0.0,0.0,0.8,0.0005,0.5362225514601088,-7.087256132051188,distress,0.3755057860220761,Term,1.0,0.0,126308.0296303438,2,6345602.931032665,0.0,6345602.931032665,1906248.49,0.3755057860220761,0.8,1906248.49
20,0000950170-25-029132,PJT PARTNERS INC.,6282.0,1215470000.0,,,,,,573814000.0,,,,228594000.0,,1493177000.0,244669000.0,901643000.0,1493177000.0,348106000.0,244669000.0,21612000.0,1215470000.0,573814000.0,1215470000.0,573814000.0,228594000.0,43423000.0,C021,Asset Manager,0.5279077229384518,0.1880704583412178,0.03572527499650341,1.1182299490775756,1.2284770500300295,1.4227629981730419,69.09018138071441,2.1182299490775756,AAA,12625205.0,Derivative,Real Estate,4603705.36,0.11,Senior Secured,3,4097297.7704000003,0.32453316761193185,0.1,0.0001,0.5112083749600348,2.9140963361688828,grey,0.2556541874800174,Other,1.0,0.0,244080.58253334544,21,0.0,13883351.69,13883351.69,354933.7,0.2556541874800174,0.1,354933.7
22,0001026214-25-000040,FEDERAL HOME LOAN MORTGAGE CORP,6111.0,360928000000.0,,68785000000.0,,,65453000000.0,3327117000000.0,,,,-35128000000.0,,,72648000000.0,,243159000.0,68785000000.0,72648000000.0,65453000000.0,360928000000.0,3327117000000.0,360928000000.0,3327117000000.0,-35128000000.0,43423000.0,C022,Credit Agency / Investment Bank,-8.218229120489404,-0.09732689068179803,0.00012030931376895115,-0.8915192943319997,0.0006737050048763188,0.9468257901112213,0.003715016882343055,0.10848070566800025,BB,3650383.35,Credit Card,Corporate Bonds,9983867.6,0.38,Senior Unsecured,3,6189997.912,1.6957117427132686,0.68,0.01,0.5373186825261368,-10.531973442400687,distress,0.37912307776829574,Revolving,0.75,90232000000.0,70572.13681187949,33,0.0,0.0,67674912595.837494,17446842382.7,0.37912307776829574,0.68,17446842382.7
23,0000950170-25-029770,"VICTORY CAPITAL HOLDINGS, INC.",6282.0,2542616000.0,,,,,,1425954000.0,,963862000.0,399108000.0,924600000.0,100174000.0,,1121637000.0,,100174000.0,963862000.0,1121637000.0,21612000.0,2542616000.0,1425954000.0,2542616000.0,1425954000.0,924600000.0,399108000.0,C023,Asset Manager,0.43917838950120663,0.36364122620167577,0.15696746972409517,0.7830981925083137,0.03939800583336218,0.859335061165065,4.635110124005182,1.7830981925083138,AA,6550748.32,Derivative,Cash,11440083.98,0.27,Senior Secured,6,8351261.3054,1.2748560771145607,0.0,0.0002,0.516941071557425,2.0633613555116583,grey,0.2585705357787125,Other,1.0,0.0,126644.31713979568,12,0.0,2476182.86,2476182.86,0.0,0.2585705357787125,0.1,64026.79
24,0000950170-25-039256,JONES FINANCIAL COMPANIES LLLP,6211.0,28964000000.0,,,,142000000.0,,28964000000.0,,,,,61000000.0,12411000000.0,,,12411000000.0,997000000.0,789166000.0,142000000.0,28964000000.0,28964000000.0,28964000000.0,28964000000.0,998740000.0,45554000.0,C024,Broker,0.0,0.03448211572987157,0.0015727800027620495,0.0,0.42849744510426735,1.2633590397964434,87.40140845070422,1.0,A,7960875.02,Line of Credit,Gov Bonds,15371080.29,0.23,Subordinated,18,11835731.8233,1.4867375500262534,0.76,0.0005,0.5258033178453021,0.4819625811352023,distress,0.36821232249171143,Revolving,0.75,7241000000.0,153906.0167622433,22,0.0,0.0,5432740218.755,1520305439.02,0.36821232249171143,0.76,1520305439.02
25,0001056288-25-000004,"FEDERATED HERMES, INC.",6282.0,2101844000.0,781352000.0,,12665000.0,,,14000000.0,287343000.0,348106000.0,336796000.0,1256603000.0,195798000.0,,1128252000.0,,195798000.0,348106000.0,1128252000.0,12665000.0,781352000.0,287343000.0,2101844000.0,14000000.0,1256603000.0,336796000.0,C025,Asset Manager,0.23503599696266705,0.5978574052118045,0.16023834309301738,149.13171428571428,0.09315534359353025,0.3085356817448584,15.459771022502961,2.7192310235502517,AAA,9665329.7,Credit Card,Gov Bonds,872075.44,0.28,Subordinated,6,627894.3167999999,0.06496356940622522,1.0,0.0001,0.0007473428753007938,91.22001401088079,safe,0.00022946857506015876,Revolving,0.75,525461000.0,186857.90080658847,44,0.0,0.0,396512082.425,90987.06,0.0005,1.0,198256.04
26,0000950170-25-030098,"P10, INC.",6282.0,587932000.0,,289844000.0,,21872000.0,,397612000.0,,,43423000.0,-233012000.0,192769000.0,,,425162000.0,192769000.0,289844000.0,425162000.0,21872000.0,587932000.0,397612000.0,587932000.0,397612000.0,-233012000.0,43423000.0,C026,Asset Manager,0.32371090534279473,-0.39632474503854187,0.0738571807624011,0.4786575857871493,0.32787635304763135,0.6817260244330396,8.813505852231163,1.4786575857871493,AA,15918343.27,Credit Card,Real Estate,19891010.22,0.2,Senior Secured,6,15912808.175999999,0.9996522820304778,0.75,0.0002,0.5201779977553257,0.6923980443932396,distress,0.36418459842872797,Revolving,0.75,146983000.0,307746.17111622024,25,0.0,0.0,114216835.8175,31197009.36,0.36418459842872797,0.75,31197009.36
28,0000950170-25-025606,MARKETAXESS HOLDINGS INC,6211.0,1789216000.0,,,,,,89536000.0,,,224514000.0,1405904000.0,12360000.0,,-232712000.0,,12360000.0,997000000.0,-232712000.0,446000000.0,1789216000.0,89536000.0,1789216000.0,89536000.0,1405904000.0,224514000.0,C028,Broker,0.9499579704183285,0.785765385509631,0.1254817752579901,18.983202287348107,0.006908053583245399,-4.284265529925402,0.027713004484304932,19.983202287348107,CCC,4793801.86,Repo,Cash,9398890.28,0.31,Senior Secured,18,6485234.293199999,1.35283736845978,0.0,0.2,0.3049866588506021,14.050940388558955,safe,0.22099733177012046,Other,1.0,0.0,92677.61993078409,27,0.0,2080510.01,2080510.01,0.0,0.22099733177012046,0.1,45978.72
29,0000950170-25-034713,SILVERCREST ASSET MANAGEMENT GROUP INC.,6282.0,199574000.0,,,,,,74739000.0,,,6751000.0,41851000.0,30424000.0,,80697000.0,84593000.0,30424000.0,348106000.0,80697000.0,21612000.0,199574000.0,74739000.0,199574000.0,74739000.0,41851000.0,6751000.0,C029,Asset Manager,0.6255073306142083,0.20970166454548186,0.0338270516199505,1.6702792384163556,0.15244470722639222,4.313741526946479,1.4077364427170092,2.6702792384163554,BB,10770454.33,Credit Card,None,5591206.84,1.0,Senior Secured,18,0.0,0.0,1.0,0.01,0.5057513385972457,2.3104326477227666,grey,0.2578756692986229,Revolving,0.75,49893500.0,208223.05594366134,42,0.0,0.0,40112738.5825,10344099.31,0.2578756692986229,1.0,10344099.31
30,0000950170-25-026584,"BLACKROCK, INC.",6211.0,138615000000.0,,,,,,89260000000.0,,997000000.0,7574000000.0,,16100000000.0,,47495000000.0,132000000.0,16100000000.0,997000000.0,47495000000.0,446000000.0,138615000000.0,89260000000.0,138615000000.0,89260000000.0,998740000.0,7574000000.0,C030,Broker,0.35605814666522384,0.007205136529235653,0.05464055116690113,0.552935245350661,0.11614904591855138,0.020991683335087902,36.09865470852018,1.552935245350661,AAA,12255876.81,Derivative,Cash,17669880.45,0.25,Subordinated,18,13252410.337499999,1.0813106677677187,0.05,0.0001,0.5195010714208329,1.0655809791189204,distress,0.363680749994583,Other,1.0,0.0,236940.43393685247,28,0.0,4289556.88,4289556.88,78001.46,0.363680749994583,0.1,156002.93
31,0001109448-25-000011,ALLIANCEBERNSTEIN L.P.,6282.0,157582000.0,,,,107541000.0,,1716000.0,,,815096000.0,,,4262864000.0,,,4262864000.0,348106000.0,352141000.0,107541000.0,157582000.0,1716000.0,157582000.0,1716000.0,70483000.0,815096000.0,C031,Asset Manager,0.9891104313944487,0.4472782424388572,5.17251970402711,90.83100233100232,27.05171910497392,0.9885415217199929,39.63943054276974,91.83100233100232,AAA,1882557.84,Credit Card,Real Estate,14954375.48,0.11,Senior Secured,3,13309394.1772,7.0698460862164,0.7,0.0001,0.011629004490645993,100.43275758395251,safe,0.0024058008981291987,Revolving,0.75,39395500.0,36395.11708838918,16,0.0,0.0,30017264.459999997,50550.89,0.0024058008981291987,0.7,50550.89
32,0001113169-25-000007,PRICE T ROWE GROUP INC,6282.0,1959300000.0,,,,,,35200000.0,,,1986200000.0,,5326300000.0,,9505100000.0,10200000.0,5326300000.0,348106000.0,9505100000.0,21612000.0,1959300000.0,35200000.0,1959300000.0,35200000.0,70483000.0,1986200000.0,C032,Asset Manager,0.9820344000408309,0.03597356198642372,1.013729393150615,54.66193181818182,2.718470882458021,0.03662307603286657,246.45104571534333,55.66193181818182,AAA,12543352.19,Repo,Real Estate,19061436.94,0.09,Subordinated,12,17345907.6154,1.3828765510729075,0.08,0.0001,0.07051395573688775,40.08974123759413,safe,0.014182791147377551,Other,1.0,0.0,242498.13840298943,15,0.0,1580462.38,1580462.38,1793.23,0.014182791147377551,0.1,2241.54
33,0001140361-25-001804,DEVVSTREAM CORP.,6799.0,19514931.0,207917.0,,,,,13684295.0,52438138.0,,-4027550.0,-13649340.0,,,500.0,,95455453.5,349900000.0,500.0,12740.0,207917.0,52438138.0,19514931.0,13684295.0,-13649340.0,-4027550.0,C033,Investor / PE,-2.676423554866784,-0.6994306052119784,-0.2063829997656666,0.42608230822267423,4.891406149476009,699800.0,7492.578767660911,0.003964995858548601,BB,4239958.35,Repo,Cash,6615006.09,0.17,Senior Unsecured,3,5490455.054699999,1.2949313652338117,0.0,0.01,0.5149026799458415,0.27508052204600375,distress,0.36343187596208903,Other,1.0,0.0,81970.27327359217,3,0.0,1009110.09,1009110.09,0.0,0.36343187596208903,0.1,36674.28
34,0000950170-25-027702,STIFEL FINANCIAL CORP,6211.0,400188000.0,,,,981366000.0,,191170000.0,,,,,,5159280000.0,,16749000.0,5159280000.0,997000000.0,16749000.0,981366000.0,400188000.0,191170000.0,400188000.0,191170000.0,998740000.0,45554000.0,C034,Broker,0.5222995192259638,2.4956770317950565,0.11383149919537817,1.0933619291729875,12.892140693873879,59.52594184727447,5.257243474911501,2.0933619291729872,A,2235980.27,Line of Credit,Real Estate,11055299.34,0.08,Subordinated,12,10170875.3928,4.54873217320473,0.8,0.0005,0.49751756318329177,18.044509066306652,safe,0.09990351263665835,Revolving,0.75,100047000.0,43227.76278362744,37,0.0,0.0,75594245.0675,6041704.49,0.09990351263665835,0.8,6041704.49
35,0001165002-25-000022,WESTWOOD HOLDINGS GROUP INC,6282.0,14516000.0,,,,,,27657000.0,,,6005000.0,6207000.0,,22022000.0,110648000.0,122332000.0,22022000.0,348106000.0,110648000.0,21612000.0,14516000.0,27657000.0,14516000.0,27657000.0,6207000.0,6005000.0,C035,Asset Manager,-0.9052769357949848,0.42759713419674844,0.4136814549462662,-0.4751419170553567,1.5170845963075228,3.1460668064492805,1.0189709420692208,0.5248580829446433,CCC,19028825.21,Derivative,Cash,11445849.38,0.08,Subordinated,3,10530181.4296,0.5533805326072465,0.2,0.2,0.530942331171508,2.109451912318453,grey,0.365471165585754,Other,1.0,0.0,367880.50112311123,7,0.0,14029329.72,14029329.72,1025463.1,0.365471165585754,0.2,1025463.1
37,0001140361-25-008235,DEVVSTREAM CORP.,6799.0,142858.0,851069.0,,,12740.0,,,7595974.0,,,-25782663.0,,,-54762.0,,95455453.5,349900000.0,-54762.0,12740.0,851069.0,7595974.0,142858.0,67100000.0,-25782663.0,-2901380.0,C037,Investor / PE,-47.214051715689706,-180.4775581346512,-20.309538142771142,-0.9978709687034277,668.1841653950077,-6389.467148752785,7492.578767660911,0.11204211599460451,CCC,19347008.63,Bond,Corporate Bonds,19606631.67,0.16,Senior Unsecured,12,16469570.6028,0.851272200150975,0.48,0.2,0.038441513475065636,291.23852349530154,safe,0.16768830269501317,Term,1.0,0.0,374031.87803192594,21,13223182.274172578,0.0,13223182.274172578,1064339.04,0.16768830269501317,0.48,1064339.04
38,0001140361-25-010152,DEVVSTREAM CORP.,6799.0,853890.0,140374.0,,,29296.0,,,9384359.0,,,-21726229.0,,,-54762.0,,95455453.5,349900000.0,-54762.0,29296.0,140374.0,9384359.0,853890.0,67100000.0,-21726229.0,-2901380.0,C038,Investor / PE,-10.825732822728924,-25.443826488189345,-3.3978381290330137,-0.9872743666169895,111.78893475740435,-6389.467148752785,3258.3101276624793,0.014958293901586673,CCC,16359549.61,Bond,Cash,1506925.12,0.39,Subordinated,3,919224.3232000001,0.056188852695437996,0.75,0.2,0.39884645086585274,51.37146784088542,safe,0.23976929017317059,Term,1.0,0.0,316275.9257209656,9,14206543.823249338,0.0,14206543.823249338,2554719.7,0.23976929017317059,0.75,2554719.7
39,0001213900-25-006210,TRILLER GROUP INC.,6282.0,96421493.0,15444250.0,,,,140644.0,-23000000.0,3738652.0,,-36319457.0,-21694130.0,,15211065.0,-29562195.0,,15211065.0,348106000.0,-29562195.0,140644.0,15444250.0,3738652.0,96421493.0,-23000000.0,-21694130.0,-36319457.0,C039,Asset Manager,0.12140029816796137,-0.2249926787588738,-0.3766738708350015,-5.192238826086957,0.1577559579999451,-11.775377301989923,108.1529606666477,4.130967525193572,CCC,6787661.61,Credit Card,Cash,6113940.39,0.11,Senior Secured,18,5441406.9470999995,0.8016614940089801,0.7,0.2,0.5882069098066504,-4.369920503868603,distress,0.47174483686465524,Revolving,0.75,24105373.25,131224.51475504955,7,0.0,0.0,19775945.34,6530440.08,0.47174483686465524,0.7,6530440.08
40,0001214659-25-003503,"WISDOMTREE, INC.",6211.0,1033540000.0,229794000.0,,,,,402432000.0,109197000.0,,87492000.0,95741000.0,,333227000.0,1451000.0,,333227000.0,997000000.0,1451000.0,446000000.0,229794000.0,109197000.0,1033540000.0,402432000.0,95741000.0,87492000.0,C040,Broker,0.11668343750604718,0.09263405383439441,0.08465274686998084,1.5682351304071247,0.32241325928362713,687.1123363197795,0.7471457399103139,2.104398472485508,BB,2855770.17,Line of Credit,Real Estate,3818220.62,0.06,Senior Secured,6,3589127.3828,1.256798400832095,0.6,0.01,0.5068799169771917,1.8124162025742474,grey,0.25843995848859586,Revolving,0.75,258385000.0,55210.03791027163,18,0.0,0.0,194502692.5425,30160360.67,0.25843995848859586,0.6,30160360.67
42,0001213900-25-021723,LION GROUP HOLDING LTD,6211.0,3485834.0,53429354.0,,,,403035.0,27021588.0,44342406.0,,,-47391370.0,,,25416841.0,33726.0,243159000.0,997000000.0,25416841.0,403035.0,53429354.0,44342406.0,3485834.0,27021588.0,-47391370.0,45554000.0,C042,Broker,2.606821782104369,-13.59541791146681,13.06832166993609,-0.870998181157969,69.75633377837269,39.2259604566909,603.3198109345342,1.204926814300514,BBB,14000427.5,Loan,Real Estate,5369497.14,0.32,Subordinated,3,3651258.0551999994,0.2607961832022629,0.55,0.002,0.4724773636536702,96.45379744293871,safe,0.09609547273073406,Term,1.0,0.0,270667.4861846496,4,13191726.053182842,0.0,13191726.053182842,697215.83,0.09609547273073406,0.55,697215.83
43,0001214659-25-004885,"WRIGHT INVESTORS SERVICE HOLDINGS, INC.",6282.0,2446000.0,3366000.0,,,,,115000.0,115000.0,,-1172000.0,-29610000.0,,,34395000.0,,293221000.0,348106000.0,34395000.0,21612000.0,3366000.0,115000.0,2446000.0,115000.0,-29610000.0,-1172000.0,C043,Asset Manager,1.3291087489779232,-12.105478331970565,-0.47914963205233035,20.269565217391303,119.87775960752249,10.120831516208751,13.567508791412179,29.269565217391303,A,9362897.38,Credit Card,Gov Bonds,9705597.49,0.33,Senior Secured,12,6502750.318299999,0.6945232927779882,0.76,0.0005,0.18654042886050534,115.1055657861993,safe,0.037708085772101066,Revolving,0.75,611500.0,181011.03678794394,25,0.0,0.0,2799349.3450000007,80224.16,0.037708085772101066,0.76,80224.16
44,0001213900-25-013189,METALPHA TECHNOLOGY HOLDING LTD,6799.0,174718509.0,,,,,,157867334.0,,,,,,,,,95455453.5,349900000.0,500.0,12740.0,174718509.0,157867334.0,174718509.0,157867334.0,-23754446.0,-2901380.0,C044,Investor / PE,0.09644756641095191,-0.13595838320712775,-0.016606025409706307,0.1067426336597285,0.5463385307391788,699800.0,7492.578767660911,1.1067426336597286,BBB,3318726.46,Line of Credit,Gov Bonds,7453737.34,0.17,Subordinated,18,6186601.992199999,1.8641494159780796,0.76,0.002,0.5243252756538702,0.48097957028614857,distress,0.36762769295770914,Revolving,0.75,43679627.25,64160.279981642074,14,0.0,0.0,33589402.0525,9384779.73,0.36762769295770914,0.76,9384779.73
45,0001302215-25-000007,"HOULIHAN LOKEY, INC.",6282.0,1998980000.0,,,,,,1334009000.0,,,260164000.0,1163419000.0,511130000.0,,,52000.0,511130000.0,348106000.0,52000.0,21612000.0,1998980000.0,1334009000.0,1998980000.0,1334009000.0,1163419000.0,260164000.0,C045,Asset Manager,0.3326551541286056,0.5820063232248447,0.13014837567159251,0.49847564746564677,0.25569540465637475,6694.346153846154,23.65028687766056,1.4984756474656469,BBB,10408361.29,Derivative,Corporate Bonds,7893829.34,0.21,Senior Secured,3,6236125.1786,0.5991457257149075,0.03,0.002,0.5201222161218368,2.1982654703211275,grey,0.2610611080609184,Other,1.0,0.0,201222.783066154,9,0.0,8901188.78,8901188.78,69712.63,0.2610611080609184,0.1,232375.42
46,0001325814-25-000046,FEDERAL HOME LOAN BANK OF DES MOINES,6111.0,184406000000.0,,,,,8333000000.0,155802000000.0,,,,3491000000.0,,,5838000000.0,,243159000.0,68785000000.0,5838000000.0,8333000000.0,184406000000.0,155802000000.0,184406000000.0,155802000000.0,3491000000.0,43423000.0,C046,Credit Agency / Investment Bank,0.15511425875513812,0.018931054304089888,0.00023547498454497143,0.18359199496797218,0.001318606769844799,11.782288454950326,0.029180247209888394,1.183591994967972,B,1653381.9,Derivative,Gov Bonds,16884262.81,0.28,Senior Secured,3,12156669.223199999,7.352608144071252,0.0,0.05,0.5240730400120562,0.3248914577315181,distress,0.38185112800843934,Other,1.0,0.0,31964.504125049018,26,0.0,648125.7,648125.7,0.0,0.38185112800843934,0.1,24748.75
47,0001326771-25-000054,FEDERAL HOME LOAN BANK OF CINCINNATI,6111.0,123995738000.0,,,,,5939128000.0,117569055000.0,,,,1658118000.0,,,1839176000.0,,243159000.0,68785000000.0,1839176000.0,5939128000.0,123995738000.0,117569055000.0,123995738000.0,117569055000.0,1658118000.0,43423000.0,C047,Credit Agency / Investment Bank,0.0518298701524725,0.013372378976445142,0.0003501975204986481,0.05466304887795517,0.0019610270798178565,37.39990082515213,0.04094186890735475,1.0546630488779551,B,18277087.64,Derivative,Cash,18600336.7,0.07,Subordinated,18,17298313.130999997,0.9464480048310364,0.05,0.05,0.5256487754361385,0.11683168297422669,distress,0.38295414280529694,Other,1.0,0.0,353347.30788008653,2,0.0,3161438.9,3161438.9,60534.31,0.38295414280529694,0.1,121068.61
48,0001316944-25-000055,FEDERAL HOME LOAN BANK OF SAN FRANCISCO,6111.0,81735000000.0,,,,5248000000.0,,86160000000.0,,,,4290000000.0,,,3262000000.0,,243159000.0,68785000000.0,3262000000.0,5248000000.0,81735000000.0,86160000000.0,81735000000.0,86160000000.0,4290000000.0,43423000.0,C048,Credit Agency / Investment Bank,-0.05413837401358047,0.05248669480638649,0.0005312656756591423,-0.051357938718662954,0.002974967884015416,21.086756591048438,0.04633365091463414,0.9486420612813371,CCC,5916819.65,Derivative,Real Estate,1408322.62,0.38,Senior Secured,3,873160.0244000001,0.14757252646698468,0.1,0.2,0.5269445744387904,-0.017571294704862666,distress,0.4288612021071532,Other,1.0,0.0,114388.69997887126,20,0.0,10208871.53,10208871.53,437818.89,0.4288612021071532,0.1,437818.89
49,0001325878-25-000054,FEDERAL HOME LOAN BANK OF TOPEKA,6111.0,74946985000.0,,,,,1018284000.0,71056333000.0,,,,1401940000.0,,,-139962000.0,,243159000.0,68785000000.0,-139962000.0,1018284000.0,74946985000.0,71056333000.0,74946985000.0,71056333000.0,1401940000.0,43423000.0,C049,Credit Agency / Investment Bank,0.05191205490120784,0.01870575580858923,0.000579382879778286,0.05475447206092102,0.0032444133676624884,-491.45482345207984,0.23879291042577513,1.054754472060921,CCC,13587923.4,Derivative,Gov Bonds,4178374.35,0.36,Subordinated,6,2674159.5840000003,0.1968041403589308,0.26,0.2,0.5256465253566363,0.12649158412095776,distress,0.42795256774964535,Other,1.0,0.0,262692.6262892742,28,0.0,22127582.74,22127582.74,2462084.52,0.42795256774964535,0.26,2462084.52
50,0001284812-25-000087,"COHEN & STEERS, INC.",6282.0,812366000.0,,,,,,503000.0,,,164477000.0,-129339000.0,,,-292781000.0,386184000.0,293221000.0,348106000.0,-292781000.0,21612000.0,812366000.0,503000.0,812366000.0,503000.0,-129339000.0,164477000.0,C050,Asset Manager,0.9993808209600107,-0.15921271939002862,0.20246662218753617,1614.0417495029822,0.36094691309089744,-1.18896376472517,13.567508791412179,1615.0417495029822,CCC,6922510.45,Line of Credit,Gov Bonds,13422870.34,0.14,Senior Secured,3,11543668.4924,1.6675552280892547,0.61,0.2,5.169651051143004e-35,970.430495646105,safe,0.16000000000000003,Revolving,0.75,203091500.0,133831.52061524318,47,0.0,0.0,154049252.6125,15035207.05,0.16000000000000003,0.61,15035207.05
52,0001193125-25-042469,BLACKSTONE INC.,6282.0,4656207000.0,,,,431868000.0,,125811729000.0,,,,660734000.0,7188936000.0,8022841000.0,8212321000.0,175587641000.0,8022841000.0,348106000.0,8212321000.0,431868000.0,4656207000.0,125811729000.0,4656207000.0,125811729000.0,660734000.0,43423000.0,C052,Asset Manager,-26.020218173289976,0.14190391449521036,0.009325831089554223,-0.9629906763303444,1.7230421671545102,0.04238826027380079,18.577067529893394,0.03700932366965563,A,10881292.4,Line of Credit,Corporate Bonds,7172935.63,0.06,Senior Secured,6,6742559.492199999,0.6196469357077473,0.73,0.0005,0.5364101068573701,-29.849573323702845,distress,0.37563707480015907,Revolving,0.75,1164051750.0,210365.8663528762,7,0.0,0.0,875759135.5999999,240146347.95,0.37563707480015907,0.73,240146347.95
54,0001331451-25-000050,FEDERAL HOME LOAN BANK OF CHICAGO,6111.0,129112000000.0,,,,,5965000000.0,120492000000.0,,,,4979000000.0,,,8140000000.0,,243159000.0,68785000000.0,8140000000.0,5965000000.0,129112000000.0,120492000000.0,129112000000.0,120492000000.0,4979000000.0,43423000.0,C054,Credit Agency / Investment Bank,0.06676374000867463,0.038563417807794785,0.00033632040399033395,0.07154001925439034,0.001883318359253981,8.4502457002457,0.040764291701592625,1.0715400192543902,B,11387495.31,Repo,Corporate Bonds,5083272.98,0.38,Senior Unsecured,6,3151629.2476000004,0.2767622872109881,0.01,0.05,0.525442811758209,0.18002246018637855,distress,0.38280996823074626,Other,1.0,0.0,220152.18674552525,8,0.0,17588359.99,17588359.99,67330.0,0.38280996823074626,0.1,673299.95
55,0001331463-25-000051,FEDERAL HOME LOAN BANK OF BOSTON,6111.0,71992966000.0,,,,,944502000.0,63603660000.0,,,,1790700000.0,,,3852845000.0,,243159000.0,68785000000.0,3852845000.0,944502000.0,71992966000.0,63603660000.0,71992966000.0,63603660000.0,1790700000.0,43423000.0,C055,Credit Agency / Investment Bank,0.11652952317591693,0.024873263312974216,0.0006031561472269388,0.1318997365874857,0.0033775383000611476,17.853041064460157,0.2574467814784934,1.1318997365874857,B,4512234.65,Bond,Cash,5905811.77,0.23,Senior Unsecured,18,4547475.062899999,1.0078099690360738,0.35,0.05,0.5247032424661432,0.25916579198766565,distress,0.3822922697263002,Term,1.0,0.0,87234.13694265924,35,2045259.9987572979,0.0,2045259.9987572979,273660.48,0.3822922697263002,0.35,273660.48
56,0001360901-25-000005,EVERCORE INC.,6282.0,481558000.0,2605217000.0,,,16768000.0,,246321000.0,910059000.0,,,2133919000.0,214045000.0,2778898000.0,1707642000.0,2133919000.0,2778898000.0,348106000.0,1707642000.0,16768000.0,2605217000.0,910059000.0,481558000.0,246321000.0,2133919000.0,43423000.0,C056,Asset Manager,3.52015333563143,4.431281382512594,0.09017190037337143,0.9550018065857154,5.770640296703617,0.20385186122149723,165.7262643129771,2.862690221183462,AAA,19422107.93,Derivative,Real Estate,6451015.28,0.24,Subordinated,3,4902771.6128,0.2524325181628213,0.3,0.0001,0.5077884011688564,17.069186590162516,safe,0.10163768023377127,Other,1.0,0.0,375483.75789382495,14,0.0,26852899.11,26852899.11,818779.91,0.10163768023377127,0.3,818779.91
57,0001330399-25-000010,FEDERAL HOME LOAN BANK OF PITTSBURGH,6111.0,106926749000.0,,,,,5303726000.0,101292681000.0,,,,2102876000.0,,,1037182000.0,,243159000.0,68785000000.0,1037182000.0,5303726000.0,106926749000.0,101292681000.0,106926749000.0,101292681000.0,2102876000.0,43423000.0,C057,Credit Agency / Investment Bank,0.052690912729423764,0.019666510201296776,0.00040610044171454233,0.05562166924972595,0.002274070822072782,66.3191223912486,0.04584682542046856,1.055621669249726,B,15727523.64,Loan,Corporate Bonds,16973395.9,0.29,Senior Unsecured,18,12051111.088999998,0.766243393737477,0.28,0.05,0.5256368403202637,0.12774941338669035,distress,0.38294578822418457,Term,1.0,0.0,304057.0930815113,17,11738207.250131363,0.0,11738207.250131363,1258627.17,0.38294578822418457,0.28,1258627.17
58,0001331465-25-000051,FEDERAL HOME LOAN BANK OF ATLANTA,6111.0,152370000000.0,,,,,8517000000.0,144254000000.0,,,,2785000000.0,,,5148000000.0,,243159000.0,68785000000.0,5148000000.0,8517000000.0,152370000000.0,144254000000.0,152370000000.0,144254000000.0,2785000000.0,43423000.0,C058,Credit Agency / Investment Bank,0.05326507842751198,0.01827787622235348,0.0002849839207193017,0.05626187142124309,0.0015958456389052963,13.361499611499612,0.02854984149348362,1.056261871421243,B,18850479.89,Line of Credit,Gov Bonds,2732426.63,0.27,Subordinated,3,1994671.4398999999,0.10581541963598252,0.96,0.05,0.5256296289049853,0.1258005362543341,distress,0.38294074023348973,Revolving,0.75,38092500000.0,364432.58644784894,36,0.0,0.0,28574087619.9725,10504494974.1,0.38294074023348973,0.96,10504494974.1
59,0001331754-25-000063,FEDERAL HOME LOAN BANK OF INDIANAPOLIS,6111.0,76608404000.0,,,,,1099938000.0,72864507000.0,,,,1532171000.0,,,3556331000.0,,243159000.0,68785000000.0,3556331000.0,1099938000.0,76608404000.0,72864507000.0,76608404000.0,72864507000.0,1532171000.0,43423000.0,C059,Credit Agency / Investment Bank,0.04887057822011277,0.020000038115922634,0.0005668177084070307,0.05138162809500653,0.00317405124377738,19.341562975999704,0.22106609645270917,1.0513816280950066,B,18001719.66,Loan,Real Estate,14178219.94,0.38,Senior Unsecured,3,8790496.3628,0.4883142571280326,0.4,0.05,0.525687845212412,0.12251827376495152,distress,0.3829814916486884,Term,1.0,0.0,348023.6733751869,4,16961893.073687628,0.0,16961893.073687628,2598436.44,0.3829814916486884,0.4,2598436.44
60,0001331757-25-000052,FEDERAL HOME LOAN BANK OF DALLAS,6111.0,128264612000.0,,,,,6012095000.0,121005392000.0,,,,2412983000.0,,,1281814000.0,,243159000.0,68785000000.0,1281814000.0,6012095000.0,128264612000.0,121005392000.0,128264612000.0,121005392000.0,2412983000.0,43423000.0,C060,Credit Agency / Investment Bank,0.05659565710922667,0.01881253887861135,0.00033854232529857887,0.05999088040638718,0.001895760617121736,53.66223180586263,0.04044496968194947,1.0599908804063871,B,12360099.6,Loan,Real Estate,11056399.54,0.38,Senior Secured,12,6854967.714799999,0.554604569270623,0.25,0.05,0.5255837626070845,0.13325982149556725,distress,0.38290863382495915,Term,1.0,0.0,238955.35245076573,2,12004904.116826225,0.0,12004904.116826225,1149195.36,0.38290863382495915,0.25,1149195.36
61,0001403528-25-000013,"BROOKFIELD OAKTREE HOLDINGS, LLC",6282.0,72312969000.0,,,,,99773000.0,1600000000.0,,1074156000.0,,334314000.0,268452000.0,,2393599000.0,2584906000.0,268452000.0,1074156000.0,2393599000.0,99773000.0,72312969000.0,1600000000.0,72312969000.0,1600000000.0,334314000.0,43423000.0,C061,Asset Manager,0.9778739550854287,0.004623154112231237,0.0006004870302033927,44.195605625,0.0037123631308790543,0.448761885345039,2.6906277249356036,45.195605625,AA,18515610.47,Loan,Gov Bonds,5930202.87,0.35,Subordinated,3,3854631.8655000003,0.2081828126458744,0.66,0.0002,0.11311457568789401,27.70297850719019,safe,0.022782915137578803,Term,1.0,0.0,357958.62241271406,6,16903290.317999434,0.0,16903290.317999434,254170.11,0.022782915137578803,0.66,254170.11
62,0001404912-25-000015,KKR & CO. INC.,6282.0,25868340000.0,,,,,,57906939000.0,,0.0,,12282513000.0,3653962000.0,5807306000.0,23651568000.0,8997435000.0,5807306000.0,0.0,23651568000.0,21612000.0,25868340000.0,57906939000.0,25868340000.0,57906939000.0,12282513000.0,43423000.0,C062,Asset Manager,-1.238525510334254,0.47480870438536066,0.0016786156359472621,-0.5532773714735638,0.224494729851239,0.0,268.7074773274107,0.4467226285264362,A,2681357.54,Repo,Corporate Bonds,8395617.13,0.27,Subordinated,18,6128800.5049,2.285708046566591,0.06,0.0005,0.5328263303296696,-0.9234306876958733,distress,0.3731284312307687,Other,1.0,0.0,51838.153150256025,4,0.0,1013553.15,1013553.15,22691.13,0.3731284312307687,0.1,37818.55
63,0001433642-25-000010,HAMILTON LANE INC,6282.0,1271200000.0,,,,,,729003000.0,,196159000.0,,425245000.0,7102000.0,,649257000.0,14000.0,7102000.0,196159000.0,649257000.0,21612000.0,1271200000.0,729003000.0,1271200000.0,729003000.0,425245000.0,43423000.0,C063,Asset Manager,0.42652375707992446,0.33452249842668347,0.03415906230333543,0.7437513974565262,0.005586847073631215,0.3021284329626019,0.3286137331112345,1.7437513974565262,A,4723674.39,Line of Credit,Gov Bonds,5124138.87,0.33,Senior Secured,6,3433173.0429,0.7268013752531322,0.71,0.0005,0.5172729288291891,1.54472259744182,distress,0.3622410501804323,Revolving,0.75,317800000.0,91321.85947151313,29,0.0,0.0,239530918.5975,61605231.37,0.3622410501804323,0.71,61605231.37
64,0001381197-25-000036,"INTERACTIVE BROKERS GROUP, INC.",6211.0,128251000000.0,,,,,3436000000.0,114184000000.0,,,,1852000000.0,,,3584000000.0,-22000000.0,243159000.0,997000000.0,3584000000.0,3436000000.0,128251000000.0,114184000000.0,128251000000.0,114184000000.0,1852000000.0,45554000.0,C064,Broker,0.10968335529547528,0.01444043321299639,0.0003551941115468885,0.12319589434596791,0.0018959618248590654,0.27818080357142855,0.07076804423748545,1.123195894345968,BBB,1859318.49,Loan,Real Estate,12230274.22,0.29,Subordinated,3,8683494.6962,4.670256732723612,0.4,0.002,0.5248109441849651,0.2288222718533098,distress,0.3679676609294755,Term,1.0,0.0,35945.83534716626,18,1358691.4648781484,0.0,1358691.4648781484,199981.81,0.3679676609294755,0.4,199981.81
66,0001437749-25-003757,HENNESSY ADVISORS INC,6282.0,153298000.0,68276000.0,,,572000.0,,59904000.0,4954000.0,,1425000.0,70483000.0,647000.0,,22592000.0,,647000.0,348106000.0,22592000.0,572000.0,68276000.0,4954000.0,153298000.0,59904000.0,70483000.0,1425000.0,C066,Asset Manager,0.41306474970319246,0.4597776879019948,0.009295620295111481,1.5590611645299146,0.004220537776096231,15.408374645892351,1.131118881118881,13.781994348001614,BB,7181276.28,Derivative,None,1631883.61,1.0,Subordinated,12,0.0,0.0,0.6,0.01,0.5072611190660377,2.1096992461745363,grey,0.25863055953301883,Other,1.0,0.0,138834.18904923098,26,0.0,20107573.58,20107573.58,3120259.8,0.25863055953301883,0.6,3120259.8
67,0001437749-25-005488,JANUS HENDERSON GROUP PLC,6282.0,6496600000.0,2455600000.0,,,18000000.0,,1880000000.0,735000000.0,,483700000.0,1135500000.0,,,4591500000.0,1135500000.0,293221000.0,348106000.0,4591500000.0,18000000.0,2455600000.0,735000000.0,6496600000.0,1880000000.0,1135500000.0,483700000.0,C067,Asset Manager,0.2648462272573346,0.1747837330295847,0.07445432995720838,2.4556382978723406,0.045134531908998556,0.07581531090057715,16.290055555555554,3.340952380952381,AAA,8384868.5,Credit Card,None,103697.26,1.0,Senior Unsecured,18,0.0,0.0,1.0,0.0001,0.49633378109419024,2.3267294984414106,grey,0.24821689054709511,Revolving,0.75,1624150000.0,162102.9985608549,44,0.0,0.0,1220208717.125,302876413.58,0.24821689054709511,1.0,302876413.58
68,0001493152-25-004431,BROAD CAPITAL ACQUISITION LTD,6211.0,20211332.0,50930.0,,,36516.0,,4885387.0,6907172.0,,-2118291.0,-9740663.0,,,-6086146.0,,243159000.0,997000000.0,-6086146.0,36516.0,50930.0,6907172.0,20211332.0,4885387.0,-9740663.0,-2118291.0,C068,Broker,-0.3392276174573749,-0.4819406756566069,-0.10480709534631365,3.1370994764590807,12.030825083670884,-163.8146702363039,6658.971409792967,0.007373495259709762,CCC,6155631.6,Loan,Cash,12557888.3,0.33,Subordinated,3,8413785.161,1.3668435195179647,0.35,0.2,0.4732012977707422,12.485431268035397,safe,0.2546402595541485,Term,1.0,0.0,119005.604011077,34,2894694.4471518854,0.0,2894694.4471518854,257987.01,0.2546402595541485,0.35,257987.01
70,0001517302-25-000015,ARTISAN PARTNERS ASSET MANAGEMENT INC.,6282.0,1618756000.0,,199430000.0,,,,868837000.0,,,303592000.0,132126000.0,562803000.0,975131000.0,388924000.0,295961000.0,975131000.0,199430000.0,388924000.0,21612000.0,1618756000.0,868837000.0,1618756000.0,868837000.0,132126000.0,303592000.0,C070,Asset Manager,0.4632687075754468,0.08162193684533062,0.187546486314182,0.8631296779487982,0.6023952961409873,0.5127737038598801,45.119887099759396,1.8631296779487982,AAA,16746012.67,Repo,Gov Bonds,3885479.07,0.34,Senior Secured,18,2564416.1861999994,0.1531359277420157,0.09,0.0001,0.5153234790497755,2.409369668421066,grey,0.25771173952488774,Other,1.0,0.0,323747.33935840114,10,0.0,27825337.11,27825337.11,645382.44,0.25771173952488774,0.1,717091.6
71,0001410578-25-000409,FEDERAL HOME LOAN BANK OF NEW YORK,6111.0,160299948000.0,,,,,7931830000.0,150088498000.0,,,,2495093000.0,,,-136285000.0,,243159000.0,68785000000.0,-136285000.0,7931830000.0,160299948000.0,150088498000.0,160299948000.0,150088498000.0,2495093000.0,43423000.0,C071,Credit Agency / Investment Bank,0.06370214168753192,0.015565151649331789,0.00027088592692494197,0.06803619288667943,0.0015169000553886642,-504.7143852955204,0.030656103320419122,1.0680361928866795,CCC,7778313.21,Line of Credit,Gov Bonds,1418818.34,0.27,Senior Unsecured,12,1035737.3882,0.13315706892188775,0.86,0.2,0.5254857096298995,0.14146632168035142,distress,0.4278399967409296,Revolving,0.75,40074987000.0,150376.5855226601,14,0.0,0.0,30058184828.302498,11059680581.12,0.4278399967409296,0.86,11059680581.12
73,0001437749-25-007788,VALUE LINE INC,6282.0,136035000.0,71024000.0,,,,,0.0,22254000.0,,1564000.0,112508000.0,,,90793000.0,,293221000.0,348106000.0,90793000.0,21612000.0,71024000.0,22254000.0,136035000.0,0.0,112508000.0,1564000.0,C073,Asset Manager,0.35851067739919873,0.827051861653251,0.011497041202631675,inf,2.1554820450619325,3.8340620972982498,13.567508791412179,3.1915161319313383,A,6337755.68,Repo,Cash,7935676.54,0.34,Senior Unsecured,12,5237546.516399999,0.8264039797128941,0.0,0.0005,0.5237332367195673,inf,safe,0.10514664734391346,Other,1.0,0.0,122526.57270344671,31,0.0,4557064.53,4557064.53,0.0,0.10514664734391346,0.1,47916.01
74,0001437749-25-008454,"ASSOCIATED CAPITAL GROUP, INC.",6211.0,72400000.0,,,,,,1900000.0,,,-1506000.0,45809000.0,12324000.0,,906975000.0,-140328000.0,12324000.0,997000000.0,906975000.0,446000000.0,72400000.0,1900000.0,72400000.0,1900000.0,45809000.0,-1506000.0,C074,Broker,0.9737569060773481,0.6327209944751381,-0.02080110497237569,37.10526315789474,0.1702209944751381,1.0992585242151107,0.027632286995515697,38.10526315789474,A,11311225.58,Loan,Cash,1015370.62,0.28,Senior Secured,18,731066.8463999999,0.0646319747784572,0.4,0.0005,0.15278106572887387,24.41905292236115,safe,0.030956213145774777,Term,1.0,0.0,218677.67919273218,48,2540801.099069375,0.0,2540801.099069375,31461.43,0.030956213145774777,0.4,31461.43
75,0001628280-25-001398,"B. RILEY FINANCIAL, INC.",6282.0,3236282000.0,,,,,,3379385000.0,,,167917000.0,-798945000.0,,2295000.0,303396000.0,461938000.0,2295000.0,348106000.0,303396000.0,21612000.0,3236282000.0,3379385000.0,3236282000.0,3379385000.0,-798945000.0,167917000.0,C075,Asset Manager,-0.04421833449619038,-0.24687125534795792,0.05188577509623698,-0.04234587062438876,0.0007091471015195832,1.1473651597252437,0.10619100499722377,0.9576541293756112,BB,3677560.27,Line of Credit,Cash,17732342.98,0.12,Senior Secured,3,15604461.8224,4.243155972097774,0.6,0.01,0.526912814694887,-0.25215707633810114,distress,0.37183897028642093,Revolving,0.75,809070500.0,71097.54281242065,15,0.0,0.0,607722265.0675,135584892.76,0.37183897028642093,0.6,135584892.76
76,0001628280-25-002833,JEFFERIES FINANCIAL GROUP INC.,6211.0,5217400000.0,,,,,3480266000.0,4415600000.0,,13530565000.0,,8270145000.0,,17506000.0,9709827000.0,-40220000.0,17506000.0,13530565000.0,9709827000.0,3480266000.0,5217400000.0,4415600000.0,5217400000.0,4415600000.0,8270145000.0,45554000.0,C076,Broker,0.15367807720320467,1.5851084831525282,0.008731168781385364,0.18158347676419967,0.0033553110744815426,1.3934918716883422,0.005030075287348726,1.1815834767641997,BBB,16241742.63,Credit Card,Real Estate,552335.44,0.15,Senior Unsecured,6,469485.12399999995,0.02890608075101606,1.0,0.002,0.5241276264983172,2.544683823168958,grey,0.2630638132491586,Revolving,0.75,1304350000.0,313998.38675784436,8,0.0,0.0,982322935.6574999,258413617.3,0.2630638132491586,1.0,258413617.3
77,0001641172-25-001620,"MENTOR CAPITAL, INC.",6799.0,618038.0,3309613.0,,,,,531124.0,94612.0,,-1775210.0,-9027312.0,,6432907.0,3915717.0,1726099.0,6432907.0,349900000.0,3915717.0,12740.0,3309613.0,94612.0,618038.0,531124.0,-9027312.0,-1775210.0,C077,Investor / PE,5.201947129464531,-14.606402842543663,-2.872331474763688,0.163641635474955,10.408594617159462,89.35783663630441,504.9377551020408,34.98090094279795,A,2416462.23,Loan,Gov Bonds,11577297.91,0.13,Subordinated,12,10072249.1817,4.168179852618677,0.36,0.0005,0.5069977559535213,-13.178541692479424,distress,0.3550484291674648,Term,1.0,0.0,46716.98469594964,14,1915498.4710369878,0.0,1915498.4710369878,244834.1,0.3550484291674648,0.36,244834.1
78,0001684682-25-000005,"CNL STRATEGIC CAPITAL, LLC",6282.0,1287650000.0,,,,,,33798000.0,,,,199648000.0,,,,,293221000.0,348106000.0,352141000.0,21612000.0,1287650000.0,33798000.0,1287650000.0,33798000.0,199648000.0,43423000.0,C078,Asset Manager,0.9737521842115482,0.15504834388226615,0.03372267308663068,37.09840818983372,0.22771793577447288,0.9885415217199929,13.567508791412179,38.09840818983372,AAA,19750851.8,Repo,Real Estate,8769482.46,0.18,Senior Unsecured,3,7190975.617200001,0.3640843286161461,0.13,0.0001,0.1528291235684893,23.983617973349613,safe,0.03064582471369786,Other,1.0,0.0,381839.2978865511,23,0.0,22561041.31,22561041.31,89882.22,0.03064582471369786,0.13,89882.22
79,0001679688-25-000017,"DIGITALBRIDGE GROUP, INC.",6282.0,3562550000.0,,,,,,1436787000.0,,371783000.0,,-6842502000.0,,607028000.0,45169839000.0,77724000.0,607028000.0,371783000.0,45169839000.0,21612000.0,3562550000.0,1436787000.0,3562550000.0,1436787000.0,-6842502000.0,43423000.0,C079,Asset Manager,0.5966970288136307,-1.9206753589423307,0.012188741210649674,1.479525496820336,0.1703914331026933,0.00823077983519047,28.08754395706089,2.4795254968203357,AAA,15672650.62,Bond,Cash,13440522.71,0.06,Senior Secured,3,12634091.3474,0.8061234601425704,0.4,0.0001,0.5080053511020001,-0.8745794907528669,distress,0.3556337457714,Term,1.0,0.0,302996.2438765309,21,10711853.177463738,0.0,10711853.177463738,1523798.59,0.3556337457714,0.4,1523798.59
80,0001783879-25-000049,"ROBINHOOD MARKETS, INC.",6211.0,26187000000.0,25103000000.0,,,,,10928000000.0,18104000000.0,,,-5446000000.0,84000000.0,2951000000.0,-1000000.0,,2951000000.0,997000000.0,-1000000.0,446000000.0,25103000000.0,18104000000.0,26187000000.0,10928000000.0,-5446000000.0,45554000.0,C080,Broker,0.2672700194753122,-0.20796578454958567,0.0017395654332302288,1.3963213762811126,0.1126895024248673,-997.0,6.616591928251121,1.386599646486964,CCC,4775597.95,Derivative,Gov Bonds,6563053.35,0.27,Senior Unsecured,6,4791028.945499999,1.0032312174646107,0.0,0.2,0.5091040613162895,0.9857948191241493,distress,0.41637284292140264,Other,1.0,0.0,92325.68735169452,16,0.0,1805176.03,1805176.03,0.0,0.41637284292140264,0.1,75162.63
81,0001592386-25-000055,"VIRTU FINANCIAL, INC.",6211.0,59713000.0,,,,,,1960699000.0,,10000000.0,,1000403000.0,0.0,0.0,1202727000.0,-7063000.0,0.0,10000000.0,1202727000.0,446000000.0,59713000.0,1960699000.0,59713000.0,1960699000.0,1000403000.0,45554000.0,C081,Broker,-31.83537923065329,16.753521008825548,0.762882454406913,-0.9695450449049038,0.0,0.008314438771225723,0.0,0.030454955095096187,BB,1104920.23,Repo,Real Estate,3100832.33,0.17,Senior Secured,12,2573690.8339,2.3293001286617767,0.0,0.01,0.5400254415526284,-12.811740591828315,distress,0.3810178090868399,Other,1.0,0.0,21361.20351244024,18,0.0,262971.01,262971.01,0.0,0.3810178090868399,0.1,10019.66
82,0001823945-25-000013,BLUE OWL CAPITAL INC.,6282.0,8817621000.0,,,,,,3539690000.0,,392766000.0,,-882884000.0,0.0,527859000.0,1528239000.0,31000.0,527859000.0,392766000.0,1528239000.0,21612000.0,8817621000.0,3539690000.0,8817621000.0,3539690000.0,-882884000.0,43423000.0,C082,Asset Manager,0.5985663253160914,-0.10012723386500735,0.004924570924515807,1.4910715345129093,0.05986410620279552,0.2570056123420486,24.424347584675182,2.4910715345129093,AAA,16493767.14,Line of Credit,Real Estate,19636817.77,0.28,Senior Unsecured,12,14138508.7944,0.8572031285752709,0.8,0.0001,0.5080092907971296,1.5488595739297426,distress,0.3556365035579907,Revolving,0.75,2204405250.0,318870.72659022576,24,0.0,0.0,1657427379.285,471553342.46,0.3556365035579907,0.8,471553342.46
83,0001854401-25-000062,BRIDGE INVESTMENT GROUP HOLDINGS INC.,6282.0,1221100000.0,,,,,,741482000.0,,,,-22449000.0,,,74913000.0,-21000.0,293221000.0,348106000.0,74913000.0,21612000.0,1221100000.0,741482000.0,1221100000.0,741482000.0,-22449000.0,43423000.0,C083,Asset Manager,0.3927753664728523,-0.01838424371468348,0.03556056015068381,0.646837010203889,0.24012857259847678,4.646803625538959,13.567508791412179,1.646837010203889,A,14430289.53,Loan,Cash,16778670.04,0.18,Subordinated,3,13758509.4328,0.953446526779425,0.45,0.0005,0.5181723255355307,1.1911731257849327,distress,0.36287062787487145,Term,1.0,0.0,278977.9234956768,26,8702869.25274664,0.0,8702869.25274664,1421107.03,0.36287062787487145,0.45,1421107.03
84,0001748824-25-000016,ACADIAN ASSET MANAGEMENT INC.,6282.0,703200000.0,,,,,,561900000.0,,,176200000.0,24400000.0,505600000.0,,,46900000.0,505600000.0,348106000.0,46900000.0,21612000.0,703200000.0,561900000.0,703200000.0,561900000.0,24400000.0,176200000.0,C084,Asset Manager,0.20093856655290102,0.034698521046643914,0.25056882821387944,0.2514682327816337,0.7189988623435722,7.42230277185501,23.394410512678142,1.2514682327816338,BBB,14851136.19,Derivative,Gov Bonds,17208092.37,0.29,Senior Unsecured,3,12217745.5827,0.8226808660556765,0.06,0.002,0.522761882224365,1.9864611444471372,grey,0.2623809411121825,Other,1.0,0.0,287114.0684477795,25,0.0,9716308.14,9716308.14,152962.44,0.2623809411121825,0.1,254937.41
85,0001796022-25-000008,STEPSTONE GROUP INC.,6282.0,995188000.0,,,,,,593701000.0,,148822000.0,,13768000.0,,-129584000.0,324476000.0,393115000.0,-129584000.0,148822000.0,324476000.0,21612000.0,995188000.0,593701000.0,995188000.0,593701000.0,13768000.0,43423000.0,C085,Asset Manager,0.40342829696499555,0.013834571960272832,0.0436329618122405,0.6762444395411158,-0.1302105732786167,0.4586533364563173,-5.995928188043679,1.6762444395411158,A,15654136.59,Loan,Cash,5005027.21,0.17,Senior Unsecured,6,4154172.5842999998,0.2653721947816478,0.45,0.0005,0.5182740428245859,0.923007221528823,distress,0.3629418299772101,Term,1.0,0.0,302638.315809031,29,8670829.8480728,0.0,8670829.8480728,1416153.08,0.3629418299772101,0.45,1416153.08
86,0001628280-25-007082,"B. RILEY FINANCIAL, INC.",6282.0,2157276000.0,,,,,,5721038000.0,,,-40130000.0,-1084728000.0,,9928000.0,291117000.0,0.0,9928000.0,348106000.0,291117000.0,21612000.0,2157276000.0,5721038000.0,2157276000.0,5721038000.0,-1084728000.0,-40130000.0,C086,Asset Manager,-1.6519731364925025,-0.5028230045668705,-0.018602163098277644,-0.622922273895052,0.004602100055811124,1.1957597804319227,0.4593744216176198,0.3770777261049481,BB,2406848.38,Line of Credit,Gov Bonds,776694.69,0.14,Senior Secured,6,667957.4334,0.27752368572547975,0.76,0.01,0.5339040135767744,-3.116858372690158,distress,0.37673280950374205,Revolving,0.75,539319000.0,46531.12204196595,15,0.0,0.0,405090962.095,115984402.75,0.37673280950374205,0.76,115984402.75
87,0001765107-25-000004,"CIM OPPORTUNITY ZONE FUND, L.P.",6799.0,333500000.0,,,,,12358000.0,67100000.0,,,,-316191000.0,0.0,184478000.0,,,184478000.0,349900000.0,500.0,12358000.0,333500000.0,67100000.0,333500000.0,67100000.0,-316191000.0,-2901380.0,C087,Investor / PE,0.7988005997001499,-0.9480989505247376,-0.008699790104947527,3.970193740685544,0.5531574212893553,699800.0,14.927820035604467,4.970193740685544,A,7810848.84,Loan,None,6065310.29,1.0,Senior Secured,12,0.0,0.0,0.65,0.0005,0.4770374221234669,2.537786547259902,grey,0.23876871106173345,Term,1.0,0.0,151005.59040008503,45,2176990.9165728623,0.0,2176990.9165728623,337868.25,0.23876871106173345,0.65,337868.25
88,0001858681-25-000034,"APOLLO GLOBAL MANAGEMENT, INC.",6282.0,13175000000.0,,,,,145000000.0,336947000000.0,,0.0,,2972000000.0,2776000000.0,3652000000.0,14044000000.0,-334000000.0,3652000000.0,0.0,14044000000.0,145000000.0,13175000000.0,336947000000.0,13175000000.0,336947000000.0,2972000000.0,43423000.0,C088,Asset Manager,-24.57472485768501,0.2255787476280835,0.003295863377609108,-0.9608988950784545,0.27719165085388997,0.0,25.186206896551724,0.039101104921545525,A,3201512.13,Bond,Corporate Bonds,10741648.54,0.29,Senior Secured,18,7626570.463399999,2.382177594123312,0.38,0.0005,0.538097453268744,-29.462330919589768,distress,0.37681821728812076,Term,1.0,0.0,61894.198603347155,1,3155625.4920466538,0.0,3155625.4920466538,451856.93,0.37681821728812076,0.38,451856.93
89,0001628280-25-007441,"LAZARD, INC.",6282.0,4635781000.0,,,,81522000.0,,424000.0,,298765000.0,256938000.0,1472113000.0,1077753000.0,2593162000.0,423759000.0,58428000.0,2593162000.0,298765000.0,423759000.0,81522000.0,4635781000.0,424000.0,4635781000.0,424000.0,1472113000.0,256938000.0,C089,Asset Manager,0.9999085375258235,0.31755447463976405,0.05542496507061054,10932.44575471698,0.5593797463685192,0.7050351732942545,31.809352076740023,10933.44575471698,AAA,17398965.09,Derivative,Corporate Bonds,6533024.84,0.17,Senior Unsecured,12,5422410.617199999,0.311651330360822,0.18,0.0001,3.178306200822491e-233,6561.854201470817,safe,8e-05,Other,1.0,0.0,336370.7389024211,25,0.0,20908129.95,20908129.95,301.08,0.0005,0.18,1881.73
90,0001880661-25-000014,TPG INC.,6282.0,682355000.0,,,,,21612000.0,25778711000.0,,245600000.0,,-186983000.0,99427000.0,2002887000.0,,2781977000.0,2002887000.0,245600000.0,2781977000.0,21612000.0,682355000.0,25778711000.0,682355000.0,25778711000.0,-186983000.0,43423000.0,C090,Asset Manager,-36.77903144257754,-0.274025983542291,0.06363696316433529,-0.9735302901685038,2.935256574656887,0.08828254151633892,92.6747640199889,0.02646970983149623,A,12842664.41,Derivative,Corporate Bonds,16557380.08,0.38,Subordinated,3,10265575.6496,0.7993337925739663,0.18,0.0005,0.535324650203245,-41.95733372905416,distress,0.3748772551422715,Other,1.0,0.0,248284.682147582,7,0.0,10440221.73,10440221.73,704484.3,0.3748772551422715,0.18,704484.3
91,0001628280-25-008665,ARES MANAGEMENT CORP,6282.0,11653875000.0,,,,,,6572701000.0,,2558914000.0,,-837294000.0,390180000.0,,33541000.0,1074356000.0,390180000.0,2558914000.0,33541000.0,21612000.0,11653875000.0,6572701000.0,11653875000.0,6572701000.0,-837294000.0,43423000.0,C091,Asset Manager,0.436007250807135,-0.07184683206229688,0.003726056783687829,0.7730724400820911,0.03348070920616533,76.29212009182791,18.053858967240423,1.773072440082091,A,7287062.47,Line of Credit,Cash,5430858.32,0.06,Senior Secured,12,5105006.8208,0.7005575760900538,0.7,0.0005,0.516828229606338,0.9322432967229362,distress,0.36192976072443656,Revolving,0.75,2913468750.0,140879.33246505534,9,0.0,0.0,2186923328.1175,554058845.81,0.36192976072443656,0.7,554058845.81
92,0001937926-25-000007,BROOKFIELD ASSET MANAGEMENT LTD.,6282.0,3530000000.0,,,,,9000000.0,2825000000.0,,,,-35000000.0,,,9088000000.0,0.0,293221000.0,348106000.0,9088000000.0,9000000.0,3530000000.0,2825000000.0,3530000000.0,2825000000.0,-35000000.0,43423000.0,C092,Asset Manager,0.19971671388101983,-0.009915014164305949,0.012301133144475921,0.24955752212389382,0.08306543909348442,0.03830391725352113,32.58011111111111,1.2495575221238937,AA,2207608.66,Bond,None,19305036.61,1.0,Senior Secured,18,0.0,0.0,0.85,0.0002,0.5231857987404402,0.4991727285717867,distress,0.36629005911830814,Term,1.0,0.0,42679.2600784271,24,1402910.6511178033,0.0,1402910.6511178033,436791.39,0.36629005911830814,0.85,436791.39
94,0001628280-25-013180,"ALTI GLOBAL, INC.",6282.0,23738000.0,,,,,,483804000.0,,0.0,-99249000.0,-3000000.0,0.0,,658402000.0,-1569000.0,0.0,0.0,658402000.0,21612000.0,23738000.0,483804000.0,23738000.0,483804000.0,-3000000.0,-99249000.0,C094,Asset Manager,-19.38099250147443,-0.12637964445193361,-4.181017777403319,-0.9509346760258286,0.0,0.0,0.0,0.049065323974171356,BB,6908664.11,Repo,Gov Bonds,9145303.23,0.39,Senior Unsecured,6,5578634.9703,0.8074838900077891,0.0,0.01,0.5317690088687093,-37.80204197504848,distress,0.37523830620809645,Other,1.0,0.0,133563.83207211422,1,0.0,5634171.4,5634171.4,0.0,0.37523830620809645,0.1,211415.69
95,0001814287-25-000006,"ABACUS GLOBAL MANAGEMENT, INC.",6282.0,601762.0,31776834.0,,,,,65031207.0,62466079.0,,24125882.0,-34726135.0,176243.0,66401451.0,,4000.0,66401451.0,348106000.0,4000.0,21612000.0,31776834.0,62466079.0,601762.0,65031207.0,-34726135.0,24125882.0,C095,Asset Manager,-50.998974677696495,-57.707424197606365,40.09206629863634,-0.9907465657219002,110.34503840388724,87026.5,3.0724343420322042,0.5087054367539221,B,7178483.12,Loan,Real Estate,16840461.5,0.24,Senior Secured,18,12798750.74,1.7829324839312293,0.25,0.05,0.4669340703559879,100.06524576006932,safe,0.1333868140711976,Term,1.0,0.0,138780.18944131103,44,2128877.7007146142,0.0,2128877.7007146142,70991.05,0.1333868140711976,0.25,70991.05
96,0001819796-25-000006,GCM GROSVENOR INC.,6282.0,612731000.0,,,,,,1357554000.0,,432039000.0,-11846000.0,-32218000.0,375444000.0,,3539000.0,67900000.0,375444000.0,432039000.0,3539000.0,21612000.0,612731000.0,1357554000.0,612731000.0,1357554000.0,-32218000.0,-11846000.0,C096,Asset Manager,-1.2155791040440258,-0.052580985783320905,-0.01933311681635171,-0.5486507350720486,0.6127387058921452,122.07940096072336,17.37201554691838,0.4513492649279513,BB,14862517.39,Credit Card,Gov Bonds,3887600.68,0.2,Subordinated,18,3110080.544,0.2092566462591705,1.0,0.01,0.532261706656316,-1.3125593255945247,distress,0.3755831946594212,Revolving,0.75,153182750.0,287334.0989285463,8,0.0,0.0,118602691.84750001,44545177.9,0.3755831946594212,1.0,44545177.9
